Year,Category,Name,Month,Time,Status,Latitude,Longitude,Maximum Wind
1851,TS,0.0,0.0,0.0,0.0,0.0,0.0,0.0
1851,1,2.0,2.0,2.0,2.0,2.0,2.0,2.0
1851,2,1.0,1.0,1.0,1.0,1.0,1.0,1.0
1851,3,0.0,0.0,0.0,0.0,0.0,0.0,0.0
1851,4,0.0,0.0,0.0,0.0,0.0,0.0,0.0
1851,5,0.0,0.0,0.0,0.0,0.0,0.0,0.0
1852,TS,2.0,2.0,2.0,2.0,2.0,2.0,2.0
1852,1,2.0,2.0,2.0,2.0,2.0,2.0,2.0
1852,2,1.0,1.0,1.0,1.0,1.0,1.0,1.0
1852,3,0.0,0.0,0.0,0.0,0.0,0.0,0.0
1852,4,0.0,0.0,0.0,0.0,0.0,0.0,0.0
1852,5,0.0,0.0,0.0,0.0,0.0,0.0,0.0
1853,TS,1.0,1.0,1.0,1.0,1.0,1.0,1.0
1853,1,1.0,1.0,1.0,1.0,1.0,1.0,1.0
1853,2,1.0,1.0,1.0,1.0,1.0,1.0,1.0
1853,3,0.0,0.0,0.0,0.0,0.0,0.0,0.0
1853,4,1.0,1.0,1.0,1.0,1.0,1.0,1.0
1853,5,0.0,0.0,0.0,0.0,0.0,0.0,0.0
1854,TS,1.0,1.0,1.0,1.0,1.0,1.0,1.0
1854,1,1.0,1.0,1.0,1.0,1.0,1.0,1.0
1854,2,1.0,1.0,1.0,1.0,1.0,1.0,1.0
1854,3,0.0,0.0,0.0,0.0,0.0,0.0,0.0
1854,4,0.0,0.0,0.0,0.0,0.0,0.0,0.0
1854,5,0.0,0.0,0.0,0.0,0.0,0.0,0.0
1855,TS,1.0,1.0,1.0,1.0,1.0,1.0,1.0
1855,1,2.0,2.0,2.0,2.0,2.0,2.0,2.0
1855,2,1.0,1.0,1.0,1.0,1.0,1.0,1.0
1855,3,0.0,0.0,0.0,0.0,0.0,0.0,0.0
1855,4,0.0,0.0,0.0,0.0,0.0,0.0,0.0
1855,5,0.0,0.0,0.0,0.0,0.0,0.0,0.0
1856,TS,2.0,2.0,2.0,2.0,2.0,2.0,2.0
1856,1,0.0,0.0,0.0,0.0,0.0,0.0,0.0
1856,2,1.0,1.0,1.0,1.0,1.0,1.0,1.0
1856,3,0.0,0.0,0.0,0.0,0.0,0.0,0.0
1856,4,1.0,1.0,1.0,1.0,1.0,1.0,1.0
1856,5,0.0,0.0,0.0,0.0,0.0,0.0,0.0
1857,TS,1.0,1.0,1.0,1.0,1.0,1.0,1.0
1857,1,2.0,2.0,2.0,2.0,2.0,2.0,2.0
1857,2,0.0,0.0,0.0,0.0,0.0,0.0,0.0
1857,3,0.0,0.0,0.0,0.0,0.0,0.0,0.0
1857,4,0.0,0.0,0.0,0.0,0.0,0.0,0.0
1857,5,0.0,0.0,0.0,0.0,0.0,0.0,0.0
1858,TS,2.0,2.0,2.0,2.0,2.0,2.0,2.0
1858,1,4.0,4.0,4.0,4.0,4.0,4.0,4.0
1858,2,0.0,0.0,0.0,0.0,0.0,0.0,0.0
1858,3,0.0,0.0,0.0,0.0,0.0,0.0,0.0
1858,4,0.0,0.0,0.0,0.0,0.0,0.0,0.0
1858,5,0.0,0.0,0.0,0.0,0.0,0.0,0.0
1859,TS,2.0,2.0,2.0,2.0,2.0,2.0,2.0
1859,1,4.0,4.0,4.0,4.0,4.0,4.0,4.0
1859,2,1.0,1.0,1.0,1.0,1.0,1.0,1.0
1859,3,0.0,0.0,0.0,0.0,0.0,0.0,0.0
1859,4,0.0,0.0,0.0,0.0,0.0,0.0,0.0
1859,5,0.0,0.0,0.0,0.0,0.0,0.0,0.0
1860,TS,1.0,1.0,1.0,1.0,1.0,1.0,1.0
1860,1,4.0,4.0,4.0,4.0,4.0,4.0,4.0
1860,2,1.0,1.0,1.0,1.0,1.0,1.0,1.0
1860,3,0.0,0.0,0.0,0.0,0.0,0.0,0.0
1860,4,0.0,0.0,0.0,0.0,0.0,0.0,0.0
1860,5,0.0,0.0,0.0,0.0,0.0,0.0,0.0
1861,TS,3.0,3.0,3.0,3.0,3.0,3.0,3.0
1861,1,3.0,3.0,3.0,3.0,3.0,3.0,3.0
1861,2,0.0,0.0,0.0,0.0,0.0,0.0,0.0
1861,3,0.0,0.0,0.0,0.0,0.0,0.0,0.0
1861,4,0.0,0.0,0.0,0.0,0.0,0.0,0.0
1861,5,0.0,0.0,0.0,0.0,0.0,0.0,0.0
1862,TS,1.0,1.0,1.0,1.0,1.0,1.0,1.0
1862,1,2.0,2.0,2.0,2.0,2.0,2.0,2.0
1862,2,0.0,0.0,0.0,0.0,0.0,0.0,0.0
1862,3,0.0,0.0,0.0,0.0,0.0,0.0,0.0
1862,4,0.0,0.0,0.0,0.0,0.0,0.0,0.0
1862,5,0.0,0.0,0.0,0.0,0.0,0.0,0.0
1863,TS,1.0,1.0,1.0,1.0,1.0,1.0,1.0
1863,1,4.0,4.0,4.0,4.0,4.0,4.0,4.0
1863,2,0.0,0.0,0.0,0.0,0.0,0.0,0.0
1863,3,0.0,0.0,0.0,0.0,0.0,0.0,0.0
1863,4,0.0,0.0,0.0,0.0,0.0,0.0,0.0
1863,5,0.0,0.0,0.0,0.0,0.0,0.0,0.0
1864,TS,3.0,3.0,3.0,3.0,3.0,3.0,3.0
1864,1,0.0,0.0,0.0,0.0,0.0,0.0,0.0
1864,2,0.0,0.0,0.0,0.0,0.0,0.0,0.0
1864,3,0.0,0.0,0.0,0.0,0.0,0.0,0.0
1864,4,0.0,0.0,0.0,0.0,0.0,0.0,0.0
1864,5,0.0,0.0,0.0,0.0,0.0,0.0,0.0
1865,TS,1.0,1.0,1.0,1.0,1.0,1.0,1.0
1865,1,2.0,2.0,2.0,2.0,2.0,2.0,2.0
1865,2,0.0,0.0,0.0,0.0,0.0,0.0,0.0
1865,3,0.0,0.0,0.0,0.0,0.0,0.0,0.0
1865,4,0.0,0.0,0.0,0.0,0.0,0.0,0.0
1865,5,0.0,0.0,0.0,0.0,0.0,0.0,0.0
1866,TS,2.0,2.0,2.0,2.0,2.0,2.0,2.0
1866,1,3.0,3.0,3.0,3.0,3.0,3.0,3.0
1866,2,0.0,0.0,0.0,0.0,0.0,0.0,0.0
1866,3,1.0,1.0,1.0,1.0,1.0,1.0,1.0
1866,4,0.0,0.0,0.0,0.0,0.0,0.0,0.0
1866,5,0.0,0.0,0.0,0.0,0.0,0.0,0.0
1867,TS,2.0,2.0,2.0,2.0,2.0,2.0,2.0
1867,1,4.0,4.0,4.0,4.0,4.0,4.0,4.0
1867,2,1.0,1.0,1.0,1.0,1.0,1.0,1.0
1867,3,0.0,0.0,0.0,0.0,0.0,0.0,0.0
1867,4,0.0,0.0,0.0,0.0,0.0,0.0,0.0
1867,5,0.0,0.0,0.0,0.0,0.0,0.0,0.0
1868,TS,0.0,0.0,0.0,0.0,0.0,0.0,0.0
1868,1,3.0,3.0,3.0,3.0,3.0,3.0,3.0
1868,2,0.0,0.0,0.0,0.0,0.0,0.0,0.0
1868,3,0.0,0.0,0.0,0.0,0.0,0.0,0.0
1868,4,0.0,0.0,0.0,0.0,0.0,0.0,0.0
1868,5,0.0,0.0,0.0,0.0,0.0,0.0,0.0
1869,TS,2.0,2.0,2.0,2.0,2.0,2.0,2.0
1869,1,4.0,4.0,4.0,4.0,4.0,4.0,4.0
1869,2,1.0,1.0,1.0,1.0,1.0,1.0,1.0
1869,3,0.0,0.0,0.0,0.0,0.0,0.0,0.0
1869,4,0.0,0.0,0.0,0.0,0.0,0.0,0.0
1869,5,0.0,0.0,0.0,0.0,0.0,0.0,0.0
1870,TS,4.0,4.0,4.0,4.0,4.0,4.0,4.0
1870,1,4.0,4.0,4.0,4.0,4.0,4.0,4.0
1870,2,2.0,2.0,2.0,2.0,2.0,2.0,2.0
1870,3,0.0,0.0,0.0,0.0,0.0,0.0,0.0
1870,4,0.0,0.0,0.0,0.0,0.0,0.0,0.0
1870,5,0.0,0.0,0.0,0.0,0.0,0.0,0.0
1871,TS,3.0,3.0,3.0,3.0,3.0,3.0,3.0
1871,1,1.0,1.0,1.0,1.0,1.0,1.0,1.0
1871,2,2.0,2.0,2.0,2.0,2.0,2.0,2.0
1871,3,0.0,0.0,0.0,0.0,0.0,0.0,0.0
1871,4,0.0,0.0,0.0,0.0,0.0,0.0,0.0
1871,5,0.0,0.0,0.0,0.0,0.0,0.0,0.0
1872,TS,3.0,3.0,3.0,3.0,3.0,3.0,3.0
1872,1,1.0,1.0,1.0,1.0,1.0,1.0,1.0
1872,2,0.0,0.0,0.0,0.0,0.0,0.0,0.0
1872,3,0.0,0.0,0.0,0.0,0.0,0.0,0.0
1872,4,0.0,0.0,0.0,0.0,0.0,0.0,0.0
1872,5,0.0,0.0,0.0,0.0,0.0,0.0,0.0
1873,TS,1.0,1.0,1.0,1.0,1.0,1.0,1.0
1873,1,0.0,0.0,0.0,0.0,0.0,0.0,0.0
1873,2,2.0,2.0,2.0,2.0,2.0,2.0,2.0
1873,3,0.0,0.0,0.0,0.0,0.0,0.0,0.0
1873,4,0.0,0.0,0.0,0.0,0.0,0.0,0.0
1873,5,0.0,0.0,0.0,0.0,0.0,0.0,0.0
1874,TS,1.0,1.0,1.0,1.0,1.0,1.0,1.0
1874,1,3.0,3.0,3.0,3.0,3.0,3.0,3.0
1874,2,0.0,0.0,0.0,0.0,0.0,0.0,0.0
1874,3,0.0,0.0,0.0,0.0,0.0,0.0,0.0
1874,4,0.0,0.0,0.0,0.0,0.0,0.0,0.0
1874,5,0.0,0.0,0.0,0.0,0.0,0.0,0.0
1875,TS,3.0,3.0,3.0,3.0,3.0,3.0,3.0
1875,1,1.0,1.0,1.0,1.0,1.0,1.0,1.0
1875,2,1.0,1.0,1.0,1.0,1.0,1.0,1.0
1875,3,0.0,0.0,0.0,0.0,0.0,0.0,0.0
1875,4,0.0,0.0,0.0,0.0,0.0,0.0,0.0
1875,5,0.0,0.0,0.0,0.0,0.0,0.0,0.0
1876,TS,0.0,0.0,0.0,0.0,0.0,0.0,0.0
1876,1,2.0,2.0,2.0,2.0,2.0,2.0,2.0
1876,2,2.0,2.0,2.0,2.0,2.0,2.0,2.0
1876,3,0.0,0.0,0.0,0.0,0.0,0.0,0.0
1876,4,0.0,0.0,0.0,0.0,0.0,0.0,0.0
1876,5,0.0,0.0,0.0,0.0,0.0,0.0,0.0
1877,TS,2.0,2.0,2.0,2.0,2.0,2.0,2.0
1877,1,0.0,0.0,0.0,0.0,0.0,0.0,0.0
1877,2,1.0,1.0,1.0,1.0,1.0,1.0,1.0
1877,3,0.0,0.0,0.0,0.0,0.0,0.0,0.0
1877,4,0.0,0.0,0.0,0.0,0.0,0.0,0.0
1877,5,0.0,0.0,0.0,0.0,0.0,0.0,0.0
1878,TS,3.0,3.0,3.0,3.0,3.0,3.0,3.0
1878,1,5.0,5.0,5.0,5.0,5.0,5.0,5.0
1878,2,1.0,1.0,1.0,1.0,1.0,1.0,1.0
1878,3,1.0,1.0,1.0,1.0,1.0,1.0,1.0
1878,4,0.0,0.0,0.0,0.0,0.0,0.0,0.0
1878,5,0.0,0.0,0.0,0.0,0.0,0.0,0.0
1879,TS,2.0,2.0,2.0,2.0,2.0,2.0,2.0
1879,1,2.0,2.0,2.0,2.0,2.0,2.0,2.0
1879,2,2.0,2.0,2.0,2.0,2.0,2.0,2.0
1879,3,0.0,0.0,0.0,0.0,0.0,0.0,0.0
1879,4,0.0,0.0,0.0,0.0,0.0,0.0,0.0
1879,5,0.0,0.0,0.0,0.0,0.0,0.0,0.0
1880,TS,2.0,2.0,2.0,2.0,2.0,2.0,2.0
1880,1,5.0,5.0,5.0,5.0,5.0,5.0,5.0
1880,2,0.0,0.0,0.0,0.0,0.0,0.0,0.0
1880,3,1.0,1.0,1.0,1.0,1.0,1.0,1.0
1880,4,1.0,1.0,1.0,1.0,1.0,1.0,1.0
1880,5,0.0,0.0,0.0,0.0,0.0,0.0,0.0
1881,TS,1.0,1.0,1.0,1.0,1.0,1.0,1.0
1881,1,3.0,3.0,3.0,3.0,3.0,3.0,3.0
1881,2,0.0,0.0,0.0,0.0,0.0,0.0,0.0
1881,3,0.0,0.0,0.0,0.0,0.0,0.0,0.0
1881,4,0.0,0.0,0.0,0.0,0.0,0.0,0.0
1881,5,0.0,0.0,0.0,0.0,0.0,0.0,0.0
1882,TS,2.0,2.0,2.0,2.0,2.0,2.0,2.0
1882,1,0.0,0.0,0.0,0.0,0.0,0.0,0.0
1882,2,1.0,1.0,1.0,1.0,1.0,1.0,1.0
1882,3,1.0,1.0,1.0,1.0,1.0,1.0,1.0
1882,4,0.0,0.0,0.0,0.0,0.0,0.0,0.0
1882,5,0.0,0.0,0.0,0.0,0.0,0.0,0.0
1883,TS,0.0,0.0,0.0,0.0,0.0,0.0,0.0
1883,1,1.0,1.0,1.0,1.0,1.0,1.0,1.0
1883,2,2.0,2.0,2.0,2.0,2.0,2.0,2.0
1883,3,0.0,0.0,0.0,0.0,0.0,0.0,0.0
1883,4,0.0,0.0,0.0,0.0,0.0,0.0,0.0
1883,5,0.0,0.0,0.0,0.0,0.0,0.0,0.0
1884,TS,1.0,1.0,1.0,1.0,1.0,1.0,1.0
1884,1,2.0,2.0,2.0,2.0,2.0,2.0,2.0
1884,2,1.0,1.0,1.0,1.0,1.0,1.0,1.0
1884,3,0.0,0.0,0.0,0.0,0.0,0.0,0.0
1884,4,0.0,0.0,0.0,0.0,0.0,0.0,0.0
1884,5,0.0,0.0,0.0,0.0,0.0,0.0,0.0
1885,TS,2.0,2.0,2.0,2.0,2.0,2.0,2.0
1885,1,4.0,4.0,4.0,4.0,4.0,4.0,4.0
1885,2,0.0,0.0,0.0,0.0,0.0,0.0,0.0
1885,3,0.0,0.0,0.0,0.0,0.0,0.0,0.0
1885,4,0.0,0.0,0.0,0.0,0.0,0.0,0.0
1885,5,0.0,0.0,0.0,0.0,0.0,0.0,0.0
1886,TS,0.0,0.0,0.0,0.0,0.0,0.0,0.0
1886,1,6.0,6.0,6.0,6.0,6.0,6.0,6.0
1886,2,3.0,3.0,3.0,3.0,3.0,3.0,3.0
1886,3,0.0,0.0,0.0,0.0,0.0,0.0,0.0
1886,4,1.0,1.0,1.0,1.0,1.0,1.0,1.0
1886,5,0.0,0.0,0.0,0.0,0.0,0.0,0.0
1887,TS,3.0,3.0,3.0,3.0,3.0,3.0,3.0
1887,1,6.0,6.0,6.0,6.0,6.0,6.0,6.0
1887,2,2.0,2.0,2.0,2.0,2.0,2.0,2.0
1887,3,0.0,0.0,0.0,0.0,0.0,0.0,0.0
1887,4,0.0,0.0,0.0,0.0,0.0,0.0,0.0
1887,5,0.0,0.0,0.0,0.0,0.0,0.0,0.0
1888,TS,2.0,2.0,2.0,2.0,2.0,2.0,2.0
1888,1,2.0,2.0,2.0,2.0,2.0,2.0,2.0
1888,2,2.0,2.0,2.0,2.0,2.0,2.0,2.0
1888,3,0.0,0.0,0.0,0.0,0.0,0.0,0.0
1888,4,0.0,0.0,0.0,0.0,0.0,0.0,0.0
1888,5,0.0,0.0,0.0,0.0,0.0,0.0,0.0
1889,TS,4.0,4.0,4.0,4.0,4.0,4.0,4.0
1889,1,2.0,2.0,2.0,2.0,2.0,2.0,2.0
1889,2,0.0,0.0,0.0,0.0,0.0,0.0,0.0
1889,3,0.0,0.0,0.0,0.0,0.0,0.0,0.0
1889,4,0.0,0.0,0.0,0.0,0.0,0.0,0.0
1889,5,0.0,0.0,0.0,0.0,0.0,0.0,0.0
1890,TS,0.0,0.0,0.0,0.0,0.0,0.0,0.0
1890,1,1.0,1.0,1.0,1.0,1.0,1.0,1.0
1890,2,1.0,1.0,1.0,1.0,1.0,1.0,1.0
1890,3,0.0,0.0,0.0,0.0,0.0,0.0,0.0
1890,4,0.0,0.0,0.0,0.0,0.0,0.0,0.0
1890,5,0.0,0.0,0.0,0.0,0.0,0.0,0.0
1891,TS,1.0,1.0,1.0,1.0,1.0,1.0,1.0
1891,1,5.0,5.0,5.0,5.0,5.0,5.0,5.0
1891,2,1.0,1.0,1.0,1.0,1.0,1.0,1.0
1891,3,0.0,0.0,0.0,0.0,0.0,0.0,0.0
1891,4,0.0,0.0,0.0,0.0,0.0,0.0,0.0
1891,5,0.0,0.0,0.0,0.0,0.0,0.0,0.0
1892,TS,1.0,1.0,1.0,1.0,1.0,1.0,1.0
1892,1,4.0,4.0,4.0,4.0,4.0,4.0,4.0
1892,2,0.0,0.0,0.0,0.0,0.0,0.0,0.0
1892,3,0.0,0.0,0.0,0.0,0.0,0.0,0.0
1892,4,0.0,0.0,0.0,0.0,0.0,0.0,0.0
1892,5,0.0,0.0,0.0,0.0,0.0,0.0,0.0
1893,TS,1.0,1.0,1.0,1.0,1.0,1.0,1.0
1893,1,4.0,4.0,4.0,4.0,4.0,4.0,4.0
1893,2,4.0,4.0,4.0,4.0,4.0,4.0,4.0
1893,3,1.0,1.0,1.0,1.0,1.0,1.0,1.0
1893,4,0.0,0.0,0.0,0.0,0.0,0.0,0.0
1893,5,0.0,0.0,0.0,0.0,0.0,0.0,0.0
1894,TS,0.0,0.0,0.0,0.0,0.0,0.0,0.0
1894,1,1.0,1.0,1.0,1.0,1.0,1.0,1.0
1894,2,3.0,3.0,3.0,3.0,3.0,3.0,3.0
1894,3,1.0,1.0,1.0,1.0,1.0,1.0,1.0
1894,4,0.0,0.0,0.0,0.0,0.0,0.0,0.0
1894,5,0.0,0.0,0.0,0.0,0.0,0.0,0.0
1895,TS,0.0,0.0,0.0,0.0,0.0,0.0,0.0
1895,1,2.0,2.0,2.0,2.0,2.0,2.0,2.0
1895,2,0.0,0.0,0.0,0.0,0.0,0.0,0.0
1895,3,0.0,0.0,0.0,0.0,0.0,0.0,0.0
1895,4,0.0,0.0,0.0,0.0,0.0,0.0,0.0
1895,5,0.0,0.0,0.0,0.0,0.0,0.0,0.0
1896,TS,0.0,0.0,0.0,0.0,0.0,0.0,0.0
1896,1,4.0,4.0,4.0,4.0,4.0,4.0,4.0
1896,2,2.0,2.0,2.0,2.0,2.0,2.0,2.0
1896,3,0.0,0.0,0.0,0.0,0.0,0.0,0.0
1896,4,0.0,0.0,0.0,0.0,0.0,0.0,0.0
1896,5,0.0,0.0,0.0,0.0,0.0,0.0,0.0
1897,TS,1.0,1.0,1.0,1.0,1.0,1.0,1.0
1897,1,2.0,2.0,2.0,2.0,2.0,2.0,2.0
1897,2,0.0,0.0,0.0,0.0,0.0,0.0,0.0
1897,3,0.0,0.0,0.0,0.0,0.0,0.0,0.0
1897,4,0.0,0.0,0.0,0.0,0.0,0.0,0.0
1897,5,0.0,0.0,0.0,0.0,0.0,0.0,0.0
1898,TS,2.0,2.0,2.0,2.0,2.0,2.0,2.0
1898,1,2.0,2.0,2.0,2.0,2.0,2.0,2.0
1898,2,0.0,0.0,0.0,0.0,0.0,0.0,0.0
1898,3,1.0,1.0,1.0,1.0,1.0,1.0,1.0
1898,4,0.0,0.0,0.0,0.0,0.0,0.0,0.0
1898,5,0.0,0.0,0.0,0.0,0.0,0.0,0.0
1899,TS,0.0,0.0,0.0,0.0,0.0,0.0,0.0
1899,1,3.0,3.0,3.0,3.0,3.0,3.0,3.0
1899,2,1.0,1.0,1.0,1.0,1.0,1.0,1.0
1899,3,0.0,0.0,0.0,0.0,0.0,0.0,0.0
1899,4,1.0,1.0,1.0,1.0,1.0,1.0,1.0
1899,5,0.0,0.0,0.0,0.0,0.0,0.0,0.0
1900,TS,0.0,0.0,0.0,0.0,0.0,0.0,0.0
1900,1,1.0,1.0,1.0,1.0,1.0,1.0,1.0
1900,2,1.0,1.0,1.0,1.0,1.0,1.0,1.0
1900,3,1.0,1.0,1.0,1.0,1.0,1.0,1.0
1900,4,0.0,0.0,0.0,0.0,0.0,0.0,0.0
1900,5,0.0,0.0,0.0,0.0,0.0,0.0,0.0
1901,TS,4.0,4.0,4.0,4.0,4.0,4.0,4.0
1901,1,2.0,2.0,2.0,2.0,2.0,2.0,2.0
1901,2,0.0,0.0,0.0,0.0,0.0,0.0,0.0
1901,3,0.0,0.0,0.0,0.0,0.0,0.0,0.0
1901,4,0.0,0.0,0.0,0.0,0.0,0.0,0.0
1901,5,0.0,0.0,0.0,0.0,0.0,0.0,0.0
1902,TS,1.0,1.0,1.0,1.0,1.0,1.0,1.0
1902,1,2.0,2.0,2.0,2.0,2.0,2.0,2.0
1902,2,0.0,0.0,0.0,0.0,0.0,0.0,0.0
1902,3,0.0,0.0,0.0,0.0,0.0,0.0,0.0
1902,4,0.0,0.0,0.0,0.0,0.0,0.0,0.0
1902,5,0.0,0.0,0.0,0.0,0.0,0.0,0.0
1903,TS,2.0,2.0,2.0,2.0,2.0,2.0,2.0
1903,1,4.0,4.0,4.0,4.0,4.0,4.0,4.0
1903,2,1.0,1.0,1.0,1.0,1.0,1.0,1.0
1903,3,0.0,0.0,0.0,0.0,0.0,0.0,0.0
1903,4,0.0,0.0,0.0,0.0,0.0,0.0,0.0
1903,5,0.0,0.0,0.0,0.0,0.0,0.0,0.0
1904,TS,4.0,4.0,4.0,4.0,4.0,4.0,4.0
1904,1,0.0,0.0,0.0,0.0,0.0,0.0,0.0
1904,2,0.0,0.0,0.0,0.0,0.0,0.0,0.0
1904,3,0.0,0.0,0.0,0.0,0.0,0.0,0.0
1904,4,0.0,0.0,0.0,0.0,0.0,0.0,0.0
1904,5,0.0,0.0,0.0,0.0,0.0,0.0,0.0
1905,TS,0.0,0.0,0.0,0.0,0.0,0.0,0.0
1905,1,0.0,0.0,0.0,0.0,0.0,0.0,0.0
1905,2,1.0,1.0,1.0,1.0,1.0,1.0,1.0
1905,3,0.0,0.0,0.0,0.0,0.0,0.0,0.0
1905,4,0.0,0.0,0.0,0.0,0.0,0.0,0.0
1905,5,0.0,0.0,0.0,0.0,0.0,0.0,0.0
1906,TS,1.0,1.0,1.0,1.0,1.0,1.0,1.0
1906,1,2.0,2.0,2.0,2.0,2.0,2.0,2.0
1906,2,2.0,2.0,2.0,2.0,2.0,2.0,2.0
1906,3,1.0,1.0,1.0,1.0,1.0,1.0,1.0
1906,4,0.0,0.0,0.0,0.0,0.0,0.0,0.0
1906,5,0.0,0.0,0.0,0.0,0.0,0.0,0.0
1908,TS,2.0,2.0,2.0,2.0,2.0,2.0,2.0
1908,1,3.0,3.0,3.0,3.0,3.0,3.0,3.0
1908,2,1.0,1.0,1.0,1.0,1.0,1.0,1.0
1908,3,0.0,0.0,0.0,0.0,0.0,0.0,0.0
1908,4,0.0,0.0,0.0,0.0,0.0,0.0,0.0
1908,5,0.0,0.0,0.0,0.0,0.0,0.0,0.0
1909,TS,0.0,0.0,0.0,0.0,0.0,0.0,0.0
1909,1,2.0,2.0,2.0,2.0,2.0,2.0,2.0
1909,2,4.0,4.0,4.0,4.0,4.0,4.0,4.0
1909,3,0.0,0.0,0.0,0.0,0.0,0.0,0.0
1909,4,0.0,0.0,0.0,0.0,0.0,0.0,0.0
1909,5,0.0,0.0,0.0,0.0,0.0,0.0,0.0
1910,TS,0.0,0.0,0.0,0.0,0.0,0.0,0.0
1910,1,2.0,2.0,2.0,2.0,2.0,2.0,2.0
1910,2,0.0,0.0,0.0,0.0,0.0,0.0,0.0
1910,3,0.0,0.0,0.0,0.0,0.0,0.0,0.0
1910,4,1.0,1.0,1.0,1.0,1.0,1.0,1.0
1910,5,0.0,0.0,0.0,0.0,0.0,0.0,0.0
1911,TS,1.0,1.0,1.0,1.0,1.0,1.0,1.0
1911,1,2.0,2.0,2.0,2.0,2.0,2.0,2.0
1911,2,0.0,0.0,0.0,0.0,0.0,0.0,0.0
1911,3,0.0,0.0,0.0,0.0,0.0,0.0,0.0
1911,4,0.0,0.0,0.0,0.0,0.0,0.0,0.0
1911,5,0.0,0.0,0.0,0.0,0.0,0.0,0.0
1912,TS,0.0,0.0,0.0,0.0,0.0,0.0,0.0
1912,1,3.0,3.0,3.0,3.0,3.0,3.0,3.0
1912,2,1.0,1.0,1.0,1.0,1.0,1.0,1.0
1912,3,0.0,0.0,0.0,0.0,0.0,0.0,0.0
1912,4,0.0,0.0,0.0,0.0,0.0,0.0,0.0
1912,5,0.0,0.0,0.0,0.0,0.0,0.0,0.0
1913,TS,3.0,3.0,3.0,3.0,3.0,3.0,3.0
1913,1,1.0,1.0,1.0,1.0,1.0,1.0,1.0
1913,2,0.0,0.0,0.0,0.0,0.0,0.0,0.0
1913,3,0.0,0.0,0.0,0.0,0.0,0.0,0.0
1913,4,0.0,0.0,0.0,0.0,0.0,0.0,0.0
1913,5,0.0,0.0,0.0,0.0,0.0,0.0,0.0
1915,TS,1.0,1.0,1.0,1.0,1.0,1.0,1.0
1915,1,1.0,1.0,1.0,1.0,1.0,1.0,1.0
1915,2,1.0,1.0,1.0,1.0,1.0,1.0,1.0
1915,3,2.0,2.0,2.0,2.0,2.0,2.0,2.0
1915,4,0.0,0.0,0.0,0.0,0.0,0.0,0.0
1915,5,0.0,0.0,0.0,0.0,0.0,0.0,0.0
1916,TS,1.0,1.0,1.0,1.0,1.0,1.0,1.0
1916,1,4.0,4.0,4.0,4.0,4.0,4.0,4.0
1916,2,4.0,4.0,4.0,4.0,4.0,4.0,4.0
1916,3,1.0,1.0,1.0,1.0,1.0,1.0,1.0
1916,4,0.0,0.0,0.0,0.0,0.0,0.0,0.0
1916,5,0.0,0.0,0.0,0.0,0.0,0.0,0.0
1917,TS,0.0,0.0,0.0,0.0,0.0,0.0,0.0
1917,1,0.0,0.0,0.0,0.0,0.0,0.0,0.0
1917,2,1.0,1.0,1.0,1.0,1.0,1.0,1.0
1917,3,0.0,0.0,0.0,0.0,0.0,0.0,0.0
1917,4,1.0,1.0,1.0,1.0,1.0,1.0,1.0
1917,5,0.0,0.0,0.0,0.0,0.0,0.0,0.0
1918,TS,1.0,1.0,1.0,1.0,1.0,1.0,1.0
1918,1,2.0,2.0,2.0,2.0,2.0,2.0,2.0
1918,2,1.0,1.0,1.0,1.0,1.0,1.0,1.0
1918,3,0.0,0.0,0.0,0.0,0.0,0.0,0.0
1918,4,0.0,0.0,0.0,0.0,0.0,0.0,0.0
1918,5,0.0,0.0,0.0,0.0,0.0,0.0,0.0
1919,TS,0.0,0.0,0.0,0.0,0.0,0.0,0.0
1919,1,1.0,1.0,1.0,1.0,1.0,1.0,1.0
1919,2,0.0,0.0,0.0,0.0,0.0,0.0,0.0
1919,3,0.0,0.0,0.0,0.0,0.0,0.0,0.0
1919,4,1.0,1.0,1.0,1.0,1.0,1.0,1.0
1919,5,0.0,0.0,0.0,0.0,0.0,0.0,0.0
1920,TS,0.0,0.0,0.0,0.0,0.0,0.0,0.0
1920,1,4.0,4.0,4.0,4.0,4.0,4.0,4.0
1920,2,0.0,0.0,0.0,0.0,0.0,0.0,0.0
1920,3,0.0,0.0,0.0,0.0,0.0,0.0,0.0
1920,4,0.0,0.0,0.0,0.0,0.0,0.0,0.0
1920,5,0.0,0.0,0.0,0.0,0.0,0.0,0.0
1921,TS,1.0,1.0,1.0,1.0,1.0,1.0,1.0
1921,1,2.0,2.0,2.0,2.0,2.0,2.0,2.0
1921,2,1.0,1.0,1.0,1.0,1.0,1.0,1.0
1921,3,1.0,1.0,1.0,1.0,1.0,1.0,1.0
1921,4,0.0,0.0,0.0,0.0,0.0,0.0,0.0
1921,5,0.0,0.0,0.0,0.0,0.0,0.0,0.0
1922,TS,1.0,1.0,1.0,1.0,1.0,1.0,1.0
1922,1,1.0,1.0,1.0,1.0,1.0,1.0,1.0
1922,2,1.0,1.0,1.0,1.0,1.0,1.0,1.0
1922,3,0.0,0.0,0.0,0.0,0.0,0.0,0.0
1922,4,0.0,0.0,0.0,0.0,0.0,0.0,0.0
1922,5,0.0,0.0,0.0,0.0,0.0,0.0,0.0
1923,TS,2.0,2.0,2.0,2.0,2.0,2.0,2.0
1923,1,1.0,1.0,1.0,1.0,1.0,1.0,1.0
1923,2,1.0,1.0,1.0,1.0,1.0,1.0,1.0
1923,3,0.0,0.0,0.0,0.0,0.0,0.0,0.0
1923,4,0.0,0.0,0.0,0.0,0.0,0.0,0.0
1923,5,0.0,0.0,0.0,0.0,0.0,0.0,0.0
1924,TS,1.0,1.0,1.0,1.0,1.0,1.0,1.0
1924,1,2.0,2.0,2.0,2.0,2.0,2.0,2.0
1924,2,1.0,1.0,1.0,1.0,1.0,1.0,1.0
1924,3,0.0,0.0,0.0,0.0,0.0,0.0,0.0
1924,4,1.0,1.0,1.0,1.0,1.0,1.0,1.0
1924,5,0.0,0.0,0.0,0.0,0.0,0.0,0.0
1925,TS,1.0,1.0,1.0,1.0,1.0,1.0,1.0
1925,1,0.0,0.0,0.0,0.0,0.0,0.0,0.0
1925,2,0.0,0.0,0.0,0.0,0.0,0.0,0.0
1925,3,0.0,0.0,0.0,0.0,0.0,0.0,0.0
1925,4,0.0,0.0,0.0,0.0,0.0,0.0,0.0
1925,5,0.0,0.0,0.0,0.0,0.0,0.0,0.0
1926,TS,0.0,0.0,0.0,0.0,0.0,0.0,0.0
1926,1,2.0,2.0,2.0,2.0,2.0,2.0,2.0
1926,2,2.0,2.0,2.0,2.0,2.0,2.0,2.0
1926,3,2.0,2.0,2.0,2.0,2.0,2.0,2.0
1926,4,2.0,2.0,2.0,2.0,2.0,2.0,2.0
1926,5,0.0,0.0,0.0,0.0,0.0,0.0,0.0
1927,TS,1.0,1.0,1.0,1.0,1.0,1.0,1.0
1927,1,2.0,2.0,2.0,2.0,2.0,2.0,2.0
1927,2,1.0,1.0,1.0,1.0,1.0,1.0,1.0
1927,3,0.0,0.0,0.0,0.0,0.0,0.0,0.0
1927,4,0.0,0.0,0.0,0.0,0.0,0.0,0.0
1927,5,0.0,0.0,0.0,0.0,0.0,0.0,0.0
1928,TS,0.0,0.0,0.0,0.0,0.0,0.0,0.0
1928,1,3.0,3.0,3.0,3.0,3.0,3.0,3.0
1928,2,0.0,0.0,0.0,0.0,0.0,0.0,0.0
1928,3,0.0,0.0,0.0,0.0,0.0,0.0,0.0
1928,4,1.0,1.0,1.0,1.0,1.0,1.0,1.0
1928,5,0.0,0.0,0.0,0.0,0.0,0.0,0.0
1929,TS,1.0,1.0,1.0,1.0,1.0,1.0,1.0
1929,1,1.0,1.0,1.0,1.0,1.0,1.0,1.0
1929,2,0.0,0.0,0.0,0.0,0.0,0.0,0.0
1929,3,0.0,0.0,0.0,0.0,0.0,0.0,0.0
1929,4,1.0,1.0,1.0,1.0,1.0,1.0,1.0
1929,5,0.0,0.0,0.0,0.0,0.0,0.0,0.0
1930,TS,0.0,0.0,0.0,0.0,0.0,0.0,0.0
1930,1,0.0,0.0,0.0,0.0,0.0,0.0,0.0
1930,2,1.0,1.0,1.0,1.0,1.0,1.0,1.0
1930,3,0.0,0.0,0.0,0.0,0.0,0.0,0.0
1930,4,1.0,1.0,1.0,1.0,1.0,1.0,1.0
1930,5,0.0,0.0,0.0,0.0,0.0,0.0,0.0
1931,TS,1.0,1.0,1.0,1.0,1.0,1.0,1.0
1931,1,1.0,1.0,1.0,1.0,1.0,1.0,1.0
1931,2,0.0,0.0,0.0,0.0,0.0,0.0,0.0
1931,3,1.0,1.0,1.0,1.0,1.0,1.0,1.0
1931,4,0.0,0.0,0.0,0.0,0.0,0.0,0.0
1931,5,0.0,0.0,0.0,0.0,0.0,0.0,0.0
1932,TS,0.0,0.0,0.0,0.0,0.0,0.0,0.0
1932,1,2.0,2.0,2.0,2.0,2.0,2.0,2.0
1932,2,0.0,0.0,0.0,0.0,0.0,0.0,0.0
1932,3,1.0,1.0,1.0,1.0,1.0,1.0,1.0
1932,4,3.0,3.0,3.0,3.0,3.0,3.0,3.0
1932,5,0.0,0.0,0.0,0.0,0.0,0.0,0.0
1933,TS,1.0,1.0,1.0,1.0,1.0,1.0,1.0
1933,1,4.0,4.0,4.0,4.0,4.0,4.0,4.0
1933,2,1.0,1.0,1.0,1.0,1.0,1.0,1.0
1933,3,3.0,3.0,3.0,3.0,3.0,3.0,3.0
1933,4,2.0,2.0,2.0,2.0,2.0,2.0,2.0
1933,5,0.0,0.0,0.0,0.0,0.0,0.0,0.0
1934,TS,1.0,1.0,1.0,1.0,1.0,1.0,1.0
1934,1,5.0,5.0,5.0,5.0,5.0,5.0,5.0
1934,2,1.0,1.0,1.0,1.0,1.0,1.0,1.0
1934,3,0.0,0.0,0.0,0.0,0.0,0.0,0.0
1934,4,0.0,0.0,0.0,0.0,0.0,0.0,0.0
1934,5,0.0,0.0,0.0,0.0,0.0,0.0,0.0
1935,TS,0.0,0.0,0.0,0.0,0.0,0.0,0.0
1935,1,2.0,2.0,2.0,2.0,2.0,2.0,2.0
1935,2,0.0,0.0,0.0,0.0,0.0,0.0,0.0
1935,3,2.0,2.0,2.0,2.0,2.0,2.0,2.0
1935,4,0.0,0.0,0.0,0.0,0.0,0.0,0.0
1935,5,1.0,1.0,1.0,1.0,1.0,1.0,1.0
1936,TS,3.0,3.0,3.0,3.0,3.0,3.0,3.0
1936,1,3.0,3.0,3.0,3.0,3.0,3.0,3.0
1936,2,1.0,1.0,1.0,1.0,1.0,1.0,1.0
1936,3,0.0,0.0,0.0,0.0,0.0,0.0,0.0
1936,4,0.0,0.0,0.0,0.0,0.0,0.0,0.0
1936,5,0.0,0.0,0.0,0.0,0.0,0.0,0.0
1937,TS,1.0,1.0,1.0,1.0,1.0,1.0,1.0
1937,1,2.0,2.0,2.0,2.0,2.0,2.0,2.0
1937,2,1.0,1.0,1.0,1.0,1.0,1.0,1.0
1937,3,0.0,0.0,0.0,0.0,0.0,0.0,0.0
1937,4,0.0,0.0,0.0,0.0,0.0,0.0,0.0
1937,5,0.0,0.0,0.0,0.0,0.0,0.0,0.0
1938,TS,1.0,1.0,1.0,1.0,1.0,1.0,1.0
1938,1,1.0,1.0,1.0,1.0,1.0,1.0,1.0
1938,2,1.0,1.0,1.0,1.0,1.0,1.0,1.0
1938,3,0.0,0.0,0.0,0.0,0.0,0.0,0.0
1938,4,1.0,1.0,1.0,1.0,1.0,1.0,1.0
1938,5,0.0,0.0,0.0,0.0,0.0,0.0,0.0
1939,TS,1.0,1.0,1.0,1.0,1.0,1.0,1.0
1939,1,1.0,1.0,1.0,1.0,1.0,1.0,1.0
1939,2,0.0,0.0,0.0,0.0,0.0,0.0,0.0
1939,3,1.0,1.0,1.0,1.0,1.0,1.0,1.0
1939,4,0.0,0.0,0.0,0.0,0.0,0.0,0.0
1939,5,0.0,0.0,0.0,0.0,0.0,0.0,0.0
1940,TS,1.0,1.0,1.0,1.0,1.0,1.0,1.0
1940,1,5.0,5.0,5.0,5.0,5.0,5.0,5.0
1940,2,0.0,0.0,0.0,0.0,0.0,0.0,0.0
1940,3,0.0,0.0,0.0,0.0,0.0,0.0,0.0
1940,4,0.0,0.0,0.0,0.0,0.0,0.0,0.0
1940,5,0.0,0.0,0.0,0.0,0.0,0.0,0.0
1941,TS,1.0,1.0,1.0,1.0,1.0,1.0,1.0
1941,1,0.0,0.0,0.0,0.0,0.0,0.0,0.0
1941,2,2.0,2.0,2.0,2.0,2.0,2.0,2.0
1941,3,1.0,1.0,1.0,1.0,1.0,1.0,1.0
1941,4,0.0,0.0,0.0,0.0,0.0,0.0,0.0
1941,5,0.0,0.0,0.0,0.0,0.0,0.0,0.0
1942,TS,1.0,1.0,1.0,1.0,1.0,1.0,1.0
1942,1,2.0,2.0,2.0,2.0,2.0,2.0,2.0
1942,2,1.0,1.0,1.0,1.0,1.0,1.0,1.0
1942,3,0.0,0.0,0.0,0.0,0.0,0.0,0.0
1942,4,0.0,0.0,0.0,0.0,0.0,0.0,0.0
1942,5,0.0,0.0,0.0,0.0,0.0,0.0,0.0
1943,TS,0.0,0.0,0.0,0.0,0.0,0.0,0.0
1943,1,3.0,3.0,3.0,3.0,3.0,3.0,3.0
1943,2,1.0,1.0,1.0,1.0,1.0,1.0,1.0
1943,3,1.0,1.0,1.0,1.0,1.0,1.0,1.0
1943,4,0.0,0.0,0.0,0.0,0.0,0.0,0.0
1943,5,0.0,0.0,0.0,0.0,0.0,0.0,0.0
1944,TS,4.0,4.0,4.0,4.0,4.0,4.0,4.0
1944,1,1.0,1.0,1.0,1.0,1.0,1.0,1.0
1944,2,1.0,1.0,1.0,1.0,1.0,1.0,1.0
1944,3,2.0,2.0,2.0,2.0,2.0,2.0,2.0
1944,4,0.0,0.0,0.0,0.0,0.0,0.0,0.0
1944,5,0.0,0.0,0.0,0.0,0.0,0.0,0.0
1945,TS,0.0,0.0,0.0,0.0,0.0,0.0,0.0
1945,1,3.0,3.0,3.0,3.0,3.0,3.0,3.0
1945,2,1.0,1.0,1.0,1.0,1.0,1.0,1.0
1945,3,1.0,1.0,1.0,1.0,1.0,1.0,1.0
1945,4,0.0,0.0,0.0,0.0,0.0,0.0,0.0
1945,5,0.0,0.0,0.0,0.0,0.0,0.0,0.0
1946,TS,1.0,1.0,1.0,1.0,1.0,1.0,1.0
1946,1,2.0,2.0,2.0,2.0,2.0,2.0,2.0
1946,2,0.0,0.0,0.0,0.0,0.0,0.0,0.0
1946,3,0.0,0.0,0.0,0.0,0.0,0.0,0.0
1946,4,0.0,0.0,0.0,0.0,0.0,0.0,0.0
1946,5,0.0,0.0,0.0,0.0,0.0,0.0,0.0
1947,TS,1.0,1.0,1.0,1.0,1.0,1.0,1.0
1947,1,2.0,2.0,2.0,2.0,2.0,2.0,2.0
1947,2,1.0,1.0,1.0,1.0,1.0,1.0,1.0
1947,3,1.0,1.0,1.0,1.0,1.0,1.0,1.0
1947,4,0.0,0.0,0.0,0.0,0.0,0.0,0.0
1947,5,0.0,0.0,0.0,0.0,0.0,0.0,0.0
1948,TS,2.0,2.0,2.0,2.0,2.0,2.0,2.0
1948,1,0.0,0.0,0.0,0.0,0.0,0.0,0.0
1948,2,2.0,2.0,2.0,2.0,2.0,2.0,2.0
1948,3,2.0,2.0,2.0,2.0,2.0,2.0,2.0
1948,4,0.0,0.0,0.0,0.0,0.0,0.0,0.0
1948,5,0.0,0.0,0.0,0.0,0.0,0.0,0.0
1949,TS,1.0,1.0,1.0,1.0,1.0,1.0,1.0
1949,1,4.0,4.0,4.0,4.0,4.0,4.0,4.0
1949,2,1.0,1.0,1.0,1.0,1.0,1.0,1.0
1949,3,1.0,1.0,1.0,1.0,1.0,1.0,1.0
1949,4,0.0,0.0,0.0,0.0,0.0,0.0,0.0
1949,5,0.0,0.0,0.0,0.0,0.0,0.0,0.0
1950,TS,1.0,1.0,1.0,1.0,1.0,1.0,1.0
1950,1,4.0,4.0,4.0,4.0,4.0,4.0,4.0
1950,2,3.0,3.0,3.0,3.0,3.0,3.0,3.0
1950,3,3.0,3.0,3.0,3.0,3.0,3.0,3.0
1950,4,0.0,0.0,0.0,0.0,0.0,0.0,0.0
1950,5,0.0,0.0,0.0,0.0,0.0,0.0,0.0
1951,TS,2.0,2.0,2.0,2.0,2.0,2.0,2.0
1951,1,3.0,3.0,3.0,3.0,3.0,3.0,3.0
1951,2,1.0,1.0,1.0,1.0,1.0,1.0,1.0
1951,3,1.0,1.0,1.0,1.0,1.0,1.0,1.0
1951,4,1.0,1.0,1.0,1.0,1.0,1.0,1.0
1951,5,0.0,0.0,0.0,0.0,0.0,0.0,0.0
1952,TS,0.0,0.0,0.0,0.0,0.0,0.0,0.0
1952,1,3.0,3.0,3.0,3.0,3.0,3.0,3.0
1952,2,1.0,1.0,1.0,1.0,1.0,1.0,1.0
1952,3,1.0,1.0,1.0,1.0,1.0,1.0,1.0
1952,4,0.0,0.0,0.0,0.0,0.0,0.0,0.0
1952,5,0.0,0.0,0.0,0.0,0.0,0.0,0.0
1953,TS,2.0,2.0,2.0,2.0,2.0,2.0,2.0
1953,1,2.0,2.0,2.0,2.0,2.0,2.0,2.0
1953,2,2.0,2.0,2.0,2.0,2.0,2.0,2.0
1953,3,0.0,0.0,0.0,0.0,0.0,0.0,0.0
1953,4,1.0,1.0,1.0,1.0,1.0,1.0,1.0
1953,5,0.0,0.0,0.0,0.0,0.0,0.0,0.0
1954,TS,0.0,0.0,0.0,0.0,0.0,0.0,0.0
1954,1,3.0,3.0,3.0,3.0,3.0,3.0,3.0
1954,2,2.0,2.0,2.0,2.0,2.0,2.0,2.0
1954,3,1.0,1.0,1.0,1.0,1.0,1.0,1.0
1954,4,0.0,0.0,0.0,0.0,0.0,0.0,0.0
1954,5,0.0,0.0,0.0,0.0,0.0,0.0,0.0
1955,TS,1.0,1.0,1.0,1.0,1.0,1.0,1.0
1955,1,5.0,5.0,5.0,5.0,5.0,5.0,5.0
1955,2,1.0,1.0,1.0,1.0,1.0,1.0,1.0
1955,3,2.0,2.0,2.0,2.0,2.0,2.0,2.0
1955,4,1.0,1.0,1.0,1.0,1.0,1.0,1.0
1955,5,0.0,0.0,0.0,0.0,0.0,0.0,0.0
1956,TS,0.0,0.0,0.0,0.0,0.0,0.0,0.0
1956,1,3.0,3.0,3.0,3.0,3.0,3.0,3.0
1956,2,1.0,1.0,1.0,1.0,1.0,1.0,1.0
1956,3,0.0,0.0,0.0,0.0,0.0,0.0,0.0
1956,4,0.0,0.0,0.0,0.0,0.0,0.0,0.0
1956,5,0.0,0.0,0.0,0.0,0.0,0.0,0.0
1957,TS,0.0,0.0,0.0,0.0,0.0,0.0,0.0
1957,1,1.0,1.0,1.0,1.0,1.0,1.0,1.0
1957,2,1.0,1.0,1.0,1.0,1.0,1.0,1.0
1957,3,1.0,1.0,1.0,1.0,1.0,1.0,1.0
1957,4,0.0,0.0,0.0,0.0,0.0,0.0,0.0
1957,5,0.0,0.0,0.0,0.0,0.0,0.0,0.0
1958,TS,0.0,0.0,0.0,0.0,0.0,0.0,0.0
1958,1,4.0,4.0,4.0,4.0,4.0,4.0,4.0
1958,2,0.0,0.0,0.0,0.0,0.0,0.0,0.0
1958,3,2.0,2.0,2.0,2.0,2.0,2.0,2.0
1958,4,1.0,1.0,1.0,1.0,1.0,1.0,1.0
1958,5,0.0,0.0,0.0,0.0,0.0,0.0,0.0
1959,TS,2.0,2.0,2.0,2.0,2.0,2.0,2.0
1959,1,3.0,3.0,3.0,3.0,3.0,3.0,3.0
1959,2,1.0,1.0,1.0,1.0,1.0,1.0,1.0
1959,3,1.0,1.0,1.0,1.0,1.0,1.0,1.0
1959,4,0.0,0.0,0.0,0.0,0.0,0.0,0.0
1959,5,0.0,0.0,0.0,0.0,0.0,0.0,0.0
1960,TS,1.0,1.0,1.0,1.0,1.0,1.0,1.0
1960,1,1.0,1.0,1.0,1.0,1.0,1.0,1.0
1960,2,1.0,1.0,1.0,1.0,1.0,1.0,1.0
1960,3,1.0,1.0,1.0,1.0,1.0,1.0,1.0
1960,4,0.0,0.0,0.0,0.0,0.0,0.0,0.0
1960,5,0.0,0.0,0.0,0.0,0.0,0.0,0.0
1961,TS,1.0,1.0,1.0,1.0,1.0,1.0,1.0
1961,1,0.0,0.0,0.0,0.0,0.0,0.0,0.0
1961,2,3.0,3.0,3.0,3.0,3.0,3.0,3.0
1961,3,2.0,2.0,2.0,2.0,2.0,2.0,2.0
1961,4,2.0,2.0,2.0,2.0,2.0,2.0,2.0
1961,5,0.0,0.0,0.0,0.0,0.0,0.0,0.0
1962,TS,0.0,0.0,0.0,0.0,0.0,0.0,0.0
1962,1,2.0,2.0,2.0,2.0,2.0,2.0,2.0
1962,2,1.0,1.0,1.0,1.0,1.0,1.0,1.0
1962,3,0.0,0.0,0.0,0.0,0.0,0.0,0.0
1962,4,0.0,0.0,0.0,0.0,0.0,0.0,0.0
1962,5,0.0,0.0,0.0,0.0,0.0,0.0,0.0
1963,TS,2.0,2.0,2.0,2.0,2.0,2.0,2.0
1963,1,3.0,3.0,3.0,3.0,3.0,3.0,3.0
1963,2,1.0,1.0,1.0,1.0,1.0,1.0,1.0
1963,3,1.0,1.0,1.0,1.0,1.0,1.0,1.0
1963,4,0.0,0.0,0.0,0.0,0.0,0.0,0.0
1963,5,0.0,0.0,0.0,0.0,0.0,0.0,0.0
1964,TS,0.0,0.0,0.0,0.0,0.0,0.0,0.0
1964,1,0.0,0.0,0.0,0.0,0.0,0.0,0.0
1964,2,2.0,2.0,2.0,2.0,2.0,2.0,2.0
1964,3,2.0,2.0,2.0,2.0,2.0,2.0,2.0
1964,4,2.0,2.0,2.0,2.0,2.0,2.0,2.0
1964,5,0.0,0.0,0.0,0.0,0.0,0.0,0.0
1965,TS,1.0,1.0,1.0,1.0,1.0,1.0,1.0
1965,1,2.0,2.0,2.0,2.0,2.0,2.0,2.0
1965,2,0.0,0.0,0.0,0.0,0.0,0.0,0.0
1965,3,0.0,0.0,0.0,0.0,0.0,0.0,0.0
1965,4,1.0,1.0,1.0,1.0,1.0,1.0,1.0
1965,5,0.0,0.0,0.0,0.0,0.0,0.0,0.0
1966,TS,3.0,3.0,3.0,3.0,3.0,3.0,3.0
1966,1,1.0,1.0,1.0,1.0,1.0,1.0,1.0
1966,2,2.0,2.0,2.0,2.0,2.0,2.0,2.0
1966,3,0.0,0.0,0.0,0.0,0.0,0.0,0.0
1966,4,1.0,1.0,1.0,1.0,1.0,1.0,1.0
1966,5,0.0,0.0,0.0,0.0,0.0,0.0,0.0
1967,TS,0.0,0.0,0.0,0.0,0.0,0.0,0.0
1967,1,5.0,5.0,5.0,5.0,5.0,5.0,5.0
1967,2,0.0,0.0,0.0,0.0,0.0,0.0,0.0
1967,3,0.0,0.0,0.0,0.0,0.0,0.0,0.0
1967,4,1.0,1.0,1.0,1.0,1.0,1.0,1.0
1967,5,0.0,0.0,0.0,0.0,0.0,0.0,0.0
1968,TS,3.0,3.0,3.0,3.0,3.0,3.0,3.0
1968,1,1.0,1.0,1.0,1.0,1.0,1.0,1.0
1968,2,0.0,0.0,0.0,0.0,0.0,0.0,0.0
1968,3,0.0,0.0,0.0,0.0,0.0,0.0,0.0
1968,4,0.0,0.0,0.0,0.0,0.0,0.0,0.0
1968,5,0.0,0.0,0.0,0.0,0.0,0.0,0.0
1969,TS,2.0,2.0,2.0,2.0,2.0,2.0,2.0
1969,1,5.0,5.0,5.0,5.0,5.0,5.0,5.0
1969,2,4.0,4.0,4.0,4.0,4.0,4.0,4.0
1969,3,0.0,0.0,0.0,0.0,0.0,0.0,0.0
1969,4,1.0,1.0,1.0,1.0,1.0,1.0,1.0
1969,5,0.0,0.0,0.0,0.0,0.0,0.0,0.0
1970,TS,2.0,2.0,2.0,2.0,2.0,2.0,2.0
1970,1,1.0,1.0,1.0,1.0,1.0,1.0,1.0
1970,2,2.0,2.0,2.0,2.0,2.0,2.0,2.0
1970,3,0.0,0.0,0.0,0.0,0.0,0.0,0.0
1970,4,0.0,0.0,0.0,0.0,0.0,0.0,0.0
1970,5,0.0,0.0,0.0,0.0,0.0,0.0,0.0
1971,TS,1.0,1.0,1.0,1.0,1.0,1.0,1.0
1971,1,4.0,4.0,4.0,4.0,4.0,4.0,4.0
1971,2,0.0,0.0,0.0,0.0,0.0,0.0,0.0
1971,3,0.0,0.0,0.0,0.0,0.0,0.0,0.0
1971,4,1.0,1.0,1.0,1.0,1.0,1.0,1.0
1971,5,0.0,0.0,0.0,0.0,0.0,0.0,0.0
1972,TS,1.0,1.0,1.0,1.0,1.0,1.0,1.0
1972,1,2.0,2.0,2.0,2.0,2.0,2.0,2.0
1972,2,0.0,0.0,0.0,0.0,0.0,0.0,0.0
1972,3,0.0,0.0,0.0,0.0,0.0,0.0,0.0
1972,4,0.0,0.0,0.0,0.0,0.0,0.0,0.0
1972,5,0.0,0.0,0.0,0.0,0.0,0.0,0.0
1973,TS,1.0,1.0,1.0,1.0,1.0,1.0,1.0
1973,1,2.0,2.0,2.0,2.0,2.0,2.0,2.0
1973,2,1.0,1.0,1.0,1.0,1.0,1.0,1.0
1973,3,0.0,0.0,0.0,0.0,0.0,0.0,0.0
1973,4,0.0,0.0,0.0,0.0,0.0,0.0,0.0
1973,5,0.0,0.0,0.0,0.0,0.0,0.0,0.0
1974,TS,1.0,1.0,1.0,1.0,1.0,1.0,1.0
1974,1,1.0,1.0,1.0,1.0,1.0,1.0,1.0
1974,2,1.0,1.0,1.0,1.0,1.0,1.0,1.0
1974,3,0.0,0.0,0.0,0.0,0.0,0.0,0.0
1974,4,1.0,1.0,1.0,1.0,1.0,1.0,1.0
1974,5,0.0,0.0,0.0,0.0,0.0,0.0,0.0
1975,TS,0.0,0.0,0.0,0.0,0.0,0.0,0.0
1975,1,3.0,3.0,3.0,3.0,3.0,3.0,3.0
1975,2,2.0,2.0,2.0,2.0,2.0,2.0,2.0
1975,3,1.0,1.0,1.0,1.0,1.0,1.0,1.0
1975,4,0.0,0.0,0.0,0.0,0.0,0.0,0.0
1975,5,0.0,0.0,0.0,0.0,0.0,0.0,0.0
1976,TS,1.0,1.0,1.0,1.0,1.0,1.0,1.0
1976,1,3.0,3.0,3.0,3.0,3.0,3.0,3.0
1976,2,2.0,2.0,2.0,2.0,2.0,2.0,2.0
1976,3,0.0,0.0,0.0,0.0,0.0,0.0,0.0
1976,4,0.0,0.0,0.0,0.0,0.0,0.0,0.0
1976,5,0.0,0.0,0.0,0.0,0.0,0.0,0.0
1977,TS,3.0,3.0,3.0,3.0,3.0,3.0,3.0
1977,1,1.0,1.0,1.0,1.0,1.0,1.0,1.0
1977,2,0.0,0.0,0.0,0.0,0.0,0.0,0.0
1977,3,0.0,0.0,0.0,0.0,0.0,0.0,0.0
1977,4,1.0,1.0,1.0,1.0,1.0,1.0,1.0
1977,5,0.0,0.0,0.0,0.0,0.0,0.0,0.0
1978,TS,1.0,1.0,1.0,1.0,1.0,1.0,1.0
1978,1,2.0,2.0,2.0,2.0,2.0,2.0,2.0
1978,2,0.0,0.0,0.0,0.0,0.0,0.0,0.0
1978,3,2.0,2.0,2.0,2.0,2.0,2.0,2.0
1978,4,0.0,0.0,0.0,0.0,0.0,0.0,0.0
1978,5,0.0,0.0,0.0,0.0,0.0,0.0,0.0
1979,TS,1.0,1.0,1.0,1.0,1.0,1.0,1.0
1979,1,2.0,2.0,2.0,2.0,2.0,2.0,2.0
1979,2,0.0,0.0,0.0,0.0,0.0,0.0,0.0
1979,3,1.0,1.0,1.0,1.0,1.0,1.0,1.0
1979,4,1.0,1.0,1.0,1.0,1.0,1.0,1.0
1979,5,0.0,0.0,0.0,0.0,0.0,0.0,0.0
1980,TS,3.0,3.0,3.0,3.0,3.0,3.0,3.0
1980,1,4.0,4.0,4.0,4.0,4.0,4.0,4.0
1980,2,1.0,1.0,1.0,1.0,1.0,1.0,1.0
1980,3,0.0,0.0,0.0,0.0,0.0,0.0,0.0
1980,4,0.0,0.0,0.0,0.0,0.0,0.0,0.0
1980,5,1.0,1.0,1.0,1.0,1.0,1.0,1.0
1981,TS,1.0,1.0,1.0,1.0,1.0,1.0,1.0
1981,1,3.0,3.0,3.0,3.0,3.0,3.0,3.0
1981,2,2.0,2.0,2.0,2.0,2.0,2.0,2.0
1981,3,1.0,1.0,1.0,1.0,1.0,1.0,1.0
1981,4,0.0,0.0,0.0,0.0,0.0,0.0,0.0
1981,5,0.0,0.0,0.0,0.0,0.0,0.0,0.0
1982,TS,0.0,0.0,0.0,0.0,0.0,0.0,0.0
1982,1,1.0,1.0,1.0,1.0,1.0,1.0,1.0
1982,2,0.0,0.0,0.0,0.0,0.0,0.0,0.0
1982,3,1.0,1.0,1.0,1.0,1.0,1.0,1.0
1982,4,0.0,0.0,0.0,0.0,0.0,0.0,0.0
1982,5,0.0,0.0,0.0,0.0,0.0,0.0,0.0
1983,TS,2.0,2.0,2.0,2.0,2.0,2.0,2.0
1983,1,0.0,0.0,0.0,0.0,0.0,0.0,0.0
1983,2,1.0,1.0,1.0,1.0,1.0,1.0,1.0
1983,3,0.0,0.0,0.0,0.0,0.0,0.0,0.0
1983,4,0.0,0.0,0.0,0.0,0.0,0.0,0.0
1983,5,0.0,0.0,0.0,0.0,0.0,0.0,0.0
1984,TS,2.0,2.0,2.0,2.0,2.0,2.0,2.0
1984,1,2.0,2.0,2.0,2.0,2.0,2.0,2.0
1984,2,0.0,0.0,0.0,0.0,0.0,0.0,0.0
1984,3,1.0,1.0,1.0,1.0,1.0,1.0,1.0
1984,4,0.0,0.0,0.0,0.0,0.0,0.0,0.0
1984,5,0.0,0.0,0.0,0.0,0.0,0.0,0.0
1985,TS,1.0,1.0,1.0,1.0,1.0,1.0,1.0
1985,1,3.0,3.0,3.0,3.0,3.0,3.0,3.0
1985,2,2.0,2.0,2.0,2.0,2.0,2.0,2.0
1985,3,1.0,1.0,1.0,1.0,1.0,1.0,1.0
1985,4,0.0,0.0,0.0,0.0,0.0,0.0,0.0
1985,5,0.0,0.0,0.0,0.0,0.0,0.0,0.0
1986,TS,1.0,1.0,1.0,1.0,1.0,1.0,1.0
1986,1,3.0,3.0,3.0,3.0,3.0,3.0,3.0
1986,2,0.0,0.0,0.0,0.0,0.0,0.0,0.0
1986,3,0.0,0.0,0.0,0.0,0.0,0.0,0.0
1986,4,0.0,0.0,0.0,0.0,0.0,0.0,0.0
1986,5,0.0,0.0,0.0,0.0,0.0,0.0,0.0
1987,TS,2.0,2.0,2.0,2.0,2.0,2.0,2.0
1987,1,0.0,0.0,0.0,0.0,0.0,0.0,0.0
1987,2,1.0,1.0,1.0,1.0,1.0,1.0,1.0
1987,3,0.0,0.0,0.0,0.0,0.0,0.0,0.0
1987,4,0.0,0.0,0.0,0.0,0.0,0.0,0.0
1987,5,0.0,0.0,0.0,0.0,0.0,0.0,0.0
1988,TS,2.0,2.0,2.0,2.0,2.0,2.0,2.0
1988,1,0.0,0.0,0.0,0.0,0.0,0.0,0.0
1988,2,0.0,0.0,0.0,0.0,0.0,0.0,0.0
1988,3,2.0,2.0,2.0,2.0,2.0,2.0,2.0
1988,4,0.0,0.0,0.0,0.0,0.0,0.0,0.0
1988,5,1.0,1.0,1.0,1.0,1.0,1.0,1.0
1989,TS,1.0,1.0,1.0,1.0,1.0,1.0,1.0
1989,1,4.0,4.0,4.0,4.0,4.0,4.0,4.0
1989,2,0.0,0.0,0.0,0.0,0.0,0.0,0.0
1989,3,1.0,1.0,1.0,1.0,1.0,1.0,1.0
1989,4,1.0,1.0,1.0,1.0,1.0,1.0,1.0
1989,5,0.0,0.0,0.0,0.0,0.0,0.0,0.0
1990,TS,3.0,3.0,3.0,3.0,3.0,3.0,3.0
1990,1,4.0,4.0,4.0,4.0,4.0,4.0,4.0
1990,2,1.0,1.0,1.0,1.0,1.0,1.0,1.0
1990,3,0.0,0.0,0.0,0.0,0.0,0.0,0.0
1990,4,0.0,0.0,0.0,0.0,0.0,0.0,0.0
1990,5,0.0,0.0,0.0,0.0,0.0,0.0,0.0
1991,TS,1.0,1.0,1.0,1.0,1.0,1.0,1.0
1991,1,1.0,1.0,1.0,1.0,1.0,1.0,1.0
1991,2,1.0,1.0,1.0,1.0,1.0,1.0,1.0
1991,3,1.0,1.0,1.0,1.0,1.0,1.0,1.0
1991,4,0.0,0.0,0.0,0.0,0.0,0.0,0.0
1991,5,0.0,0.0,0.0,0.0,0.0,0.0,0.0
1992,TS,0.0,0.0,0.0,0.0,0.0,0.0,0.0
1992,1,3.0,3.0,3.0,3.0,3.0,3.0,3.0
1992,2,0.0,0.0,0.0,0.0,0.0,0.0,0.0
1992,3,0.0,0.0,0.0,0.0,0.0,0.0,0.0
1992,4,1.0,1.0,1.0,1.0,1.0,1.0,1.0
1992,5,0.0,0.0,0.0,0.0,0.0,0.0,0.0
1993,TS,2.0,2.0,2.0,2.0,2.0,2.0,2.0
1993,1,1.0,1.0,1.0,1.0,1.0,1.0,1.0
1993,2,1.0,1.0,1.0,1.0,1.0,1.0,1.0
1993,3,0.0,0.0,0.0,0.0,0.0,0.0,0.0
1993,4,0.0,0.0,0.0,0.0,0.0,0.0,0.0
1993,5,0.0,0.0,0.0,0.0,0.0,0.0,0.0
1994,TS,1.0,1.0,1.0,1.0,1.0,1.0,1.0
1994,1,2.0,2.0,2.0,2.0,2.0,2.0,2.0
1994,2,0.0,0.0,0.0,0.0,0.0,0.0,0.0
1994,3,0.0,0.0,0.0,0.0,0.0,0.0,0.0
1994,4,0.0,0.0,0.0,0.0,0.0,0.0,0.0
1994,5,0.0,0.0,0.0,0.0,0.0,0.0,0.0
1995,TS,2.0,2.0,2.0,2.0,2.0,2.0,2.0
1995,1,4.0,4.0,4.0,4.0,4.0,4.0,4.0
1995,2,2.0,2.0,2.0,2.0,2.0,2.0,2.0
1995,3,2.0,2.0,2.0,2.0,2.0,2.0,2.0
1995,4,1.0,1.0,1.0,1.0,1.0,1.0,1.0
1995,5,0.0,0.0,0.0,0.0,0.0,0.0,0.0
1996,TS,2.0,2.0,2.0,2.0,2.0,2.0,2.0
1996,1,1.0,1.0,1.0,1.0,1.0,1.0,1.0
1996,2,4.0,4.0,4.0,4.0,4.0,4.0,4.0
1996,3,2.0,2.0,2.0,2.0,2.0,2.0,2.0
1996,4,0.0,0.0,0.0,0.0,0.0,0.0,0.0
1996,5,0.0,0.0,0.0,0.0,0.0,0.0,0.0
1997,TS,2.0,2.0,2.0,2.0,2.0,2.0,2.0
1997,1,0.0,0.0,0.0,0.0,0.0,0.0,0.0
1997,2,1.0,1.0,1.0,1.0,1.0,1.0,1.0
1997,3,0.0,0.0,0.0,0.0,0.0,0.0,0.0
1997,4,0.0,0.0,0.0,0.0,0.0,0.0,0.0
1997,5,0.0,0.0,0.0,0.0,0.0,0.0,0.0
1998,TS,1.0,1.0,1.0,1.0,1.0,1.0,1.0
1998,1,6.0,6.0,6.0,6.0,6.0,6.0,6.0
1998,2,1.0,1.0,1.0,1.0,1.0,1.0,1.0
1998,3,0.0,0.0,0.0,0.0,0.0,0.0,0.0
1998,4,2.0,2.0,2.0,2.0,2.0,2.0,2.0
1998,5,0.0,0.0,0.0,0.0,0.0,0.0,0.0
1999,TS,0.0,0.0,0.0,0.0,0.0,0.0,0.0
1999,1,3.0,3.0,3.0,3.0,3.0,3.0,3.0
1999,2,0.0,0.0,0.0,0.0,0.0,0.0,0.0
1999,3,2.0,2.0,2.0,2.0,2.0,2.0,2.0
1999,4,3.0,3.0,3.0,3.0,3.0,3.0,3.0
1999,5,0.0,0.0,0.0,0.0,0.0,0.0,0.0
2000,TS,2.0,2.0,2.0,2.0,2.0,2.0,2.0
2000,1,3.0,3.0,3.0,3.0,3.0,3.0,3.0
2000,2,1.0,1.0,1.0,1.0,1.0,1.0,1.0
2000,3,2.0,2.0,2.0,2.0,2.0,2.0,2.0
2000,4,0.0,0.0,0.0,0.0,0.0,0.0,0.0
2000,5,0.0,0.0,0.0,0.0,0.0,0.0,0.0
2001,TS,3.0,3.0,3.0,3.0,3.0,3.0,3.0
2001,1,2.0,2.0,2.0,2.0,2.0,2.0,2.0
2001,2,2.0,2.0,2.0,2.0,2.0,2.0,2.0
2001,3,2.0,2.0,2.0,2.0,2.0,2.0,2.0
2001,4,0.0,0.0,0.0,0.0,0.0,0.0,0.0
2001,5,0.0,0.0,0.0,0.0,0.0,0.0,0.0
2002,TS,0.0,0.0,0.0,0.0,0.0,0.0,0.0
2002,1,2.0,2.0,2.0,2.0,2.0,2.0,2.0
2002,2,1.0,1.0,1.0,1.0,1.0,1.0,1.0
2002,3,1.0,1.0,1.0,1.0,1.0,1.0,1.0
2002,4,0.0,0.0,0.0,0.0,0.0,0.0,0.0
2002,5,0.0,0.0,0.0,0.0,0.0,0.0,0.0
2003,TS,2.0,2.0,2.0,2.0,2.0,2.0,2.0
2003,1,2.0,2.0,2.0,2.0,2.0,2.0,2.0
2003,2,1.0,1.0,1.0,1.0,1.0,1.0,1.0
2003,3,1.0,1.0,1.0,1.0,1.0,1.0,1.0
2003,4,1.0,1.0,1.0,1.0,1.0,1.0,1.0
2003,5,0.0,0.0,0.0,0.0,0.0,0.0,0.0
2004,TS,2.0,2.0,2.0,2.0,2.0,2.0,2.0
2004,1,1.0,1.0,1.0,1.0,1.0,1.0,1.0
2004,2,2.0,2.0,2.0,2.0,2.0,2.0,2.0
2004,3,2.0,2.0,2.0,2.0,2.0,2.0,2.0
2004,4,2.0,2.0,2.0,2.0,2.0,2.0,2.0
2004,5,0.0,0.0,0.0,0.0,0.0,0.0,0.0
2005,TS,4.0,4.0,4.0,4.0,4.0,4.0,4.0
2005,1,4.0,4.0,4.0,4.0,4.0,4.0,4.0
2005,2,2.0,2.0,2.0,2.0,2.0,2.0,2.0
2005,3,0.0,0.0,0.0,0.0,0.0,0.0,0.0
2005,4,4.0,4.0,4.0,4.0,4.0,4.0,4.0
2005,5,1.0,1.0,1.0,1.0,1.0,1.0,1.0
2006,TS,1.0,1.0,1.0,1.0,1.0,1.0,1.0
2006,1,2.0,2.0,2.0,2.0,2.0,2.0,2.0
2006,2,2.0,2.0,2.0,2.0,2.0,2.0,2.0
2006,3,0.0,0.0,0.0,0.0,0.0,0.0,0.0
2006,4,0.0,0.0,0.0,0.0,0.0,0.0,0.0
2006,5,0.0,0.0,0.0,0.0,0.0,0.0,0.0
2007,TS,3.0,3.0,3.0,3.0,3.0,3.0,3.0
2007,1,1.0,1.0,1.0,1.0,1.0,1.0,1.0
2007,2,0.0,0.0,0.0,0.0,0.0,0.0,0.0
2007,3,0.0,0.0,0.0,0.0,0.0,0.0,0.0
2007,4,2.0,2.0,2.0,2.0,2.0,2.0,2.0
2007,5,0.0,0.0,0.0,0.0,0.0,0.0,0.0
2008,TS,0.0,0.0,0.0,0.0,0.0,0.0,0.0
2008,1,3.0,3.0,3.0,3.0,3.0,3.0,3.0
2008,2,1.0,1.0,1.0,1.0,1.0,1.0,1.0
2008,3,3.0,3.0,3.0,3.0,3.0,3.0,3.0
2008,4,1.0,1.0,1.0,1.0,1.0,1.0,1.0
2008,5,0.0,0.0,0.0,0.0,0.0,0.0,0.0
2009,TS,0.0,0.0,0.0,0.0,0.0,0.0,0.0
2009,1,1.0,1.0,1.0,1.0,1.0,1.0,1.0
2009,2,1.0,1.0,1.0,1.0,1.0,1.0,1.0
2009,3,1.0,1.0,1.0,1.0,1.0,1.0,1.0
2009,4,0.0,0.0,0.0,0.0,0.0,0.0,0.0
2009,5,0.0,0.0,0.0,0.0,0.0,0.0,0.0
2010,TS,1.0,1.0,1.0,1.0,1.0,1.0,1.0
2010,1,6.0,6.0,6.0,6.0,6.0,6.0,6.0
2010,2,1.0,1.0,1.0,1.0,1.0,1.0,1.0
2010,3,3.0,3.0,3.0,3.0,3.0,3.0,3.0
2010,4,1.0,1.0,1.0,1.0,1.0,1.0,1.0
2010,5,0.0,0.0,0.0,0.0,0.0,0.0,0.0
2011,TS,2.0,2.0,2.0,2.0,2.0,2.0,2.0
2011,1,1.0,1.0,1.0,1.0,1.0,1.0,1.0
2011,2,2.0,2.0,2.0,2.0,2.0,2.0,2.0
2011,3,2.0,2.0,2.0,2.0,2.0,2.0,2.0
2011,4,0.0,0.0,0.0,0.0,0.0,0.0,0.0
2011,5,0.0,0.0,0.0,0.0,0.0,0.0,0.0
2012,TS,2.0,2.0,2.0,2.0,2.0,2.0,2.0
2012,1,6.0,6.0,6.0,6.0,6.0,6.0,6.0
2012,2,2.0,2.0,2.0,2.0,2.0,2.0,2.0
2012,3,0.0,0.0,0.0,0.0,0.0,0.0,0.0
2012,4,0.0,0.0,0.0,0.0,0.0,0.0,0.0
2012,5,0.0,0.0,0.0,0.0,0.0,0.0,0.0
2013,TS,0.0,0.0,0.0,0.0,0.0,0.0,0.0
2013,1,2.0,2.0,2.0,2.0,2.0,2.0,2.0
2013,2,0.0,0.0,0.0,0.0,0.0,0.0,0.0
2013,3,0.0,0.0,0.0,0.0,0.0,0.0,0.0
2013,4,0.0,0.0,0.0,0.0,0.0,0.0,0.0
2013,5,0.0,0.0,0.0,0.0,0.0,0.0,0.0
2014,TS,2.0,2.0,2.0,2.0,2.0,2.0,2.0
2014,1,2.0,2.0,2.0,2.0,2.0,2.0,2.0
2014,2,1.0,1.0,1.0,1.0,1.0,1.0,1.0
2014,3,1.0,1.0,1.0,1.0,1.0,1.0,1.0
2014,4,0.0,0.0,0.0,0.0,0.0,0.0,0.0
2014,5,0.0,0.0,0.0,0.0,0.0,0.0,0.0
2015,TS,0.0,0.0,0.0,0.0,0.0,0.0,0.0
2015,1,2.0,2.0,2.0,2.0,2.0,2.0,2.0
2015,2,1.0,1.0,1.0,1.0,1.0,1.0,1.0
2015,3,0.0,0.0,0.0,0.0,0.0,0.0,0.0
2015,4,1.0,1.0,1.0,1.0,1.0,1.0,1.0
2015,5,0.0,0.0,0.0,0.0,0.0,0.0,0.0
